,Drift_Rate,SNR,Index,Uncorrected_Frequency,Corrected_Frequency,freq_start,freq_end,Coarse_Channel_Number,Full_number_of_hits,dat_name,fil_0000,fil_0001,normalized_dr,corrs_0001,SNR_ratio_0001,x_0001,corrs,SNR_ratio,x
0,0.070518,189.056931,125725,6855.499203,6855.499203,6855.519353,6855.479054,30,4043,/home/ntusay/scripts/NbeamAnalysis/injection_SNR_test/fil_59884_17225_248799804_trappist1_0001-beam0000.dat,/home/ntusay/scripts/NbeamAnalysis/injection_SNR_test/fil_59884_17225_248799804_trappist1_0001-beam0000.fil,/home/ntusay/scripts/NbeamAnalysis/injection_SNR_test/fil_59884_17225_248799804_trappist1_0001-beam0001.fil,0.010286310397350285,0.1208173868971636,4.44622278213501,0.027173039412826925,0.1208173868971636,4.44622278213501,0.027173039412826925
1,0.070518,94870.40625,250653,6855.999203,6855.999203,6856.019353,6855.979054,28,5021780,/home/ntusay/scripts/NbeamAnalysis/injection_SNR_test/fil_59884_17225_248799804_trappist1_0001-beam0000.dat,/home/ntusay/scripts/NbeamAnalysis/injection_SNR_test/fil_59884_17225_248799804_trappist1_0001-beam0000.fil,/home/ntusay/scripts/NbeamAnalysis/injection_SNR_test/fil_59884_17225_248799804_trappist1_0001-beam0001.fil,0.010285560230973287,0.999488235088792,4.506012916564941,0.22181211052779884,0.999488235088792,4.506012916564941,0.22181211052779884
